You are now connected to database "holey_moley" as user "admin".
  username   | logged_in 
-------------+-----------
 John        | f
 Johnny      | f
 Flo         | t
 Christopher | t
 Chris       | f
(5 rows)

 show_id |    show_name    |                                show_img_url                                 
---------+-----------------+-----------------------------------------------------------------------------
      82 | Game of Thrones | https://static.tvmaze.com/uploads/images/original_untouched/190/476117.jpg
      83 | The Simpsons    | https://static.tvmaze.com/uploads/images/original_untouched/476/1192162.jpg
    5796 | Gladiators      | https://static.tvmaze.com/uploads/images/original_untouched/23/57829.jpg
     527 | The Sopranos    | https://static.tvmaze.com/uploads/images/original_untouched/4/11341.jpg
    2993 | Stranger Things | https://static.tvmaze.com/uploads/images/original_untouched/481/1202792.jpg
     269 | Peaky Blinders  | https://static.tvmaze.com/uploads/images/original_untouched/48/122213.jpg
(6 rows)

 show_id | char_id |             char_name             |                                     char_img_url                                     | person_id |      person_name       |                       person_img_url                       
---------+---------+-----------------------------------+--------------------------------------------------------------------------------------+-----------+------------------------+------------------------------------------------------------
     269 | 60697   | Tommy Shelby                      | https://www.tvmaze.com/characters/60697/peaky-blinders-tommy-shelby                  | 37465     | Cillian Murphy         | https://www.tvmaze.com/people/37465/cillian-murphy
     269 | 60700   | Ada Shelby                        | https://www.tvmaze.com/characters/60700/peaky-blinders-ada-shelby                    | 27978     | Sophie Rundle          | https://www.tvmaze.com/people/27978/sophie-rundle
     269 | 60706   | Arthur Shelby                     | https://www.tvmaze.com/characters/60706/peaky-blinders-arthur-shelby                 | 37470     | Paul Anderson          | https://www.tvmaze.com/people/37470/paul-anderson
     269 | 60710   | Finn Shelby                       | https://www.tvmaze.com/characters/60710/peaky-blinders-finn-shelby                   | 37474     | Harry Kirton           | https://www.tvmaze.com/people/37474/harry-kirton
     269 | 60701   | Polly Gray                        | https://www.tvmaze.com/characters/60701/peaky-blinders-polly-gray                    | 2866      | Helen McCrory          | https://www.tvmaze.com/people/2866/helen-mccrory
     269 | 281927  | Charlie Strong                    | https://www.tvmaze.com/characters/281927/peaky-blinders-charlie-strong               | 37477     | Ned Dennehy            | https://www.tvmaze.com/people/37477/ned-dennehy
     269 | 60711   | Curly                             | https://www.tvmaze.com/characters/60711/peaky-blinders-curly                         | 37475     | Ian Peck               | https://www.tvmaze.com/people/37475/ian-peck
     269 | 60712   | Lizzie Stark                      | https://www.tvmaze.com/characters/60712/peaky-blinders-lizzie-stark                  | 37476     | Natasha O'Keeffe       | https://www.tvmaze.com/people/37476/natasha-okeeffe
     269 | 281926  | Michael Gray                      | https://www.tvmaze.com/characters/281926/peaky-blinders-michael-gray                 | 37495     | Finn Cole              | https://www.tvmaze.com/people/37495/finn-cole
     269 | 60755   | Johnny Dogs                       | https://www.tvmaze.com/characters/60755/peaky-blinders-johnny-dogs                   | 37517     | Packy Lee              | https://www.tvmaze.com/people/37517/packy-lee
     269 | 60732   | Isiah                             | https://www.tvmaze.com/characters/60732/peaky-blinders-isiah                         | 196329    | Daryl McCormack        | https://www.tvmaze.com/people/196329/daryl-mccormack
     269 | 60705   | John Shelby                       | https://www.tvmaze.com/characters/60705/peaky-blinders-john-shelby                   | 37469     | Joe Cole               | https://www.tvmaze.com/people/37469/joe-cole
     269 | 60703   | Grace Burgess                     | https://www.tvmaze.com/characters/60703/peaky-blinders-grace-burgess                 | 37468     | Annabelle Wallis       | https://www.tvmaze.com/people/37468/annabelle-wallis
     269 | 60707   | Esme Shelby                       | https://www.tvmaze.com/characters/60707/peaky-blinders-esme-shelby                   | 37472     | Aimée-Ffion Edwards    | https://www.tvmaze.com/people/37472/aimee-ffion-edwards
     269 | 281950  | Linda Shelby                      | https://www.tvmaze.com/characters/281950/peaky-blinders-linda-shelby                 | 64060     | Kate Phillips          | https://www.tvmaze.com/people/64060/kate-phillips
     269 | 172415  | Jeremiah Jesus                    | https://www.tvmaze.com/characters/172415/peaky-blinders-jeremiah-jesus               | 37494     | Benjamin Zephaniah     | https://www.tvmaze.com/people/37494/benjamin-zephaniah
     269 | 60699   | Alfie Solomons                    | https://www.tvmaze.com/characters/60699/peaky-blinders-alfie-solomons                | 37466     | Tom Hardy              | https://www.tvmaze.com/people/37466/tom-hardy
     269 | 60698   | Major Chester Campbell            | https://www.tvmaze.com/characters/60698/peaky-blinders-major-chester-campbell        | 35514     | Sam Neill              | https://www.tvmaze.com/people/35514/sam-neill
     269 | 652830  | Gina Gray                         | https://www.tvmaze.com/characters/652830/peaky-blinders-gina-gray                    | 68910     | Anya Taylor-Joy        | https://www.tvmaze.com/people/68910/anya-taylor-joy
     269 | 652831  | Oswald Mosley                     | https://www.tvmaze.com/characters/652831/peaky-blinders-oswald-mosley                | 51967     | Sam Claflin            | https://www.tvmaze.com/people/51967/sam-claflin
     269 | 478514  | Aberama Gold                      | https://www.tvmaze.com/characters/478514/peaky-blinders-aberama-gold                 | 14083     | Aidan Gillen           | https://www.tvmaze.com/people/14083/aidan-gillen
     269 | 478555  | Jessie Eden                       | https://www.tvmaze.com/characters/478555/peaky-blinders-jessie-eden                  | 5665      | Charlie Murphy         | https://www.tvmaze.com/people/5665/charlie-murphy
     269 | 479053  | Frances                           | https://www.tvmaze.com/characters/479053/peaky-blinders-frances                      | 78414     | Pauline Turner         | https://www.tvmaze.com/people/78414/pauline-turner
     269 | 60704   | Freddie Thorne                    | https://www.tvmaze.com/characters/60704/peaky-blinders-freddie-thorne                | 10800     | Iddo Goldberg          | https://www.tvmaze.com/people/10800/iddo-goldberg
     269 | 60733   | Darby Sabini                      | https://www.tvmaze.com/characters/60733/peaky-blinders-darby-sabini                  | 14399     | Noah Taylor            | https://www.tvmaze.com/people/14399/noah-taylor
    2993 | 165111  | Joyce Byers                       | https://www.tvmaze.com/characters/165111/stranger-things-joyce-byers                 | 45771     | Winona Ryder           | https://www.tvmaze.com/people/45771/winona-ryder
    2993 | 165113  | Lucas Sinclair                    | https://www.tvmaze.com/characters/165113/stranger-things-lucas-sinclair              | 15786     | Caleb McLaughlin       | https://www.tvmaze.com/people/15786/caleb-mclaughlin
    2993 | 165115  | Mike Wheeler                      | https://www.tvmaze.com/characters/165115/stranger-things-mike-wheeler                | 49095     | Finn Wolfhard          | https://www.tvmaze.com/people/49095/finn-wolfhard
    2993 | 165116  | Dustin Henderson                  | https://www.tvmaze.com/characters/165116/stranger-things-dustin-henderson            | 83372     | Gaten Matarazzo        | https://www.tvmaze.com/people/83372/gaten-matarazzo
    2993 | 165117  | Nancy Wheeler                     | https://www.tvmaze.com/characters/165117/stranger-things-nancy-wheeler               | 12740     | Natalia Dyer           | https://www.tvmaze.com/people/12740/natalia-dyer
    2993 | 297371  | Chief Jim Hopper                  | https://www.tvmaze.com/characters/297371/stranger-things-chief-jim-hopper            | 19376     | David Harbour          | https://www.tvmaze.com/people/19376/david-harbour
    2993 | 297372  | Steve Harrington                  | https://www.tvmaze.com/characters/297372/stranger-things-steve-harrington            | 56357     | Joe Keery              | https://www.tvmaze.com/people/56357/joe-keery
    2993 | 165114  | Jonathan Byers                    | https://www.tvmaze.com/characters/165114/stranger-things-jonathan-byers              | 63858     | Charlie Heaton         | https://www.tvmaze.com/people/63858/charlie-heaton
    2993 | 285572  | Jane "Eleven" Ives                | https://www.tvmaze.com/characters/285572/stranger-things-jane-eleven-ives            | 6288      | Millie Bobby Brown     | https://www.tvmaze.com/people/6288/millie-bobby-brown
    2993 | 165118  | Will Byers                        | https://www.tvmaze.com/characters/165118/stranger-things-will-byers                  | 83373     | Noah Schnapp           | https://www.tvmaze.com/people/83373/noah-schnapp
    2993 | 285573  | Karen Wheeler                     | https://www.tvmaze.com/characters/285573/stranger-things-karen-wheeler               | 5280      | Cara Buono             | https://www.tvmaze.com/people/5280/cara-buono
    2993 | 473821  | Maxine "Max" Mayfield             | https://www.tvmaze.com/characters/473821/stranger-things-maxine-max-mayfield         | 29288     | Sadie Sink             | https://www.tvmaze.com/people/29288/sadie-sink
    2993 | 473900  | Erica Sinclair                    | https://www.tvmaze.com/characters/473900/stranger-things-erica-sinclair              | 191937    | Priah Ferguson         | https://www.tvmaze.com/people/191937/priah-ferguson
    2993 | 473824  | Billy Hargrove                    | https://www.tvmaze.com/characters/473824/stranger-things-billy-hargrove              | 191921    | Dacre Montgomery       | https://www.tvmaze.com/people/191921/dacre-montgomery
    2993 | 473854  | Murray Bauman                     | https://www.tvmaze.com/characters/473854/stranger-things-murray-bauman               | 14654     | Brett Gelman           | https://www.tvmaze.com/people/14654/brett-gelman
    2993 | 577195  | Robin                             | https://www.tvmaze.com/characters/577195/stranger-things-robin                       | 174060    | Maya Thurman-Hawke     | https://www.tvmaze.com/people/174060/maya-thurman-hawke
    2993 | 269670  | Dr. Martin Brenner                | https://www.tvmaze.com/characters/269670/stranger-things-dr-martin-brenner           | 21985     | Matthew Modine         | https://www.tvmaze.com/people/21985/matthew-modine
    2993 | 473826  | Dr. Sam Owens                     | https://www.tvmaze.com/characters/473826/stranger-things-dr-sam-owens                | 52723     | Paul Reiser            | https://www.tvmaze.com/people/52723/paul-reiser
    2993 | 473825  | Bob Newby                         | https://www.tvmaze.com/characters/473825/stranger-things-bob-newby                   | 4736      | Sean Astin             | https://www.tvmaze.com/people/4736/sean-astin
     527 | 85573   | Tony Soprano                      | https://www.tvmaze.com/characters/85573/the-sopranos-tony-soprano                    | 48973     | James Gandolfini       | https://www.tvmaze.com/people/48973/james-gandolfini
     527 | 85574   | Carmela Soprano                   | https://www.tvmaze.com/characters/85574/the-sopranos-carmela-soprano                 | 28002     | Edie Falco             | https://www.tvmaze.com/people/28002/edie-falco
     527 | 85575   | Meadow Soprano                    | https://www.tvmaze.com/characters/85575/the-sopranos-meadow-soprano                  | 6446      | Jamie-Lynn Sigler      | https://www.tvmaze.com/people/6446/jamie-lynn-sigler
     527 | 85576   | Christopher Moltisanti            | https://www.tvmaze.com/characters/85576/the-sopranos-christopher-moltisanti          | 14745     | Michael Imperioli      | https://www.tvmaze.com/people/14745/michael-imperioli
     527 | 85577   | Anthony Soprano                   | https://www.tvmaze.com/characters/85577/the-sopranos-anthony-soprano                 | 20211     | Robert Iler            | https://www.tvmaze.com/people/20211/robert-iler
     527 | 85579   | Corrado "Junior" Soprano          | https://www.tvmaze.com/characters/85579/the-sopranos-corrado-junior-soprano          | 17335     | Dominic Chianese       | https://www.tvmaze.com/people/17335/dominic-chianese
     527 | 85585   | Silvio Dante                      | https://www.tvmaze.com/characters/85585/the-sopranos-silvio-dante                    | 48975     | Steven Van Zandt       | https://www.tvmaze.com/people/48975/steven-van-zandt
     527 | 85580   | Dr. Jennifer Melfi                | https://www.tvmaze.com/characters/85580/the-sopranos-dr-jennifer-melfi               | 40899     | Lorraine Bracco        | https://www.tvmaze.com/people/40899/lorraine-bracco
     527 | 85581   | Paulie 'Walnuts' Gualtieri        | https://www.tvmaze.com/characters/85581/the-sopranos-paulie-walnuts-gualtieri        | 30930     | Tony Sirico            | https://www.tvmaze.com/people/30930/tony-sirico
     527 | 85586   | Salvatore "Big Pussy" Bonpensiero | https://www.tvmaze.com/characters/85586/the-sopranos-salvatore-big-pussy-bonpensiero | 17813     | Vincent Pastore        | https://www.tvmaze.com/people/17813/vincent-pastore
     527 | 85589   | Adriana La Cerva                  | https://www.tvmaze.com/characters/85589/the-sopranos-adriana-la-cerva                | 11136     | Drea de Matteo         | https://www.tvmaze.com/people/11136/drea-de-matteo
     527 | 85582   | Janice Soprano                    | https://www.tvmaze.com/characters/85582/the-sopranos-janice-soprano                  | 17979     | Aida Turturro          | https://www.tvmaze.com/people/17979/aida-turturro
     527 | 85583   | Bobby "Bacala" Baccalieri         | https://www.tvmaze.com/characters/85583/the-sopranos-bobby-bacala-baccalieri         | 19756     | Steven R. Schirripa    | https://www.tvmaze.com/people/19756/steven-r-schirripa
     527 | 85584   | Artie Bucco                       | https://www.tvmaze.com/characters/85584/the-sopranos-artie-bucco                     | 48974     | John Ventimiglia       | https://www.tvmaze.com/people/48974/john-ventimiglia
     527 | 85590   | Phil Leotardo                     | https://www.tvmaze.com/characters/85590/the-sopranos-phil-leotardo                   | 34496     | Frank Vincent          | https://www.tvmaze.com/people/34496/frank-vincent
     527 | 85593   | Livia Soprano                     | https://www.tvmaze.com/characters/85593/the-sopranos-livia-soprano                   | 48979     | Nancy Marchand         | https://www.tvmaze.com/people/48979/nancy-marchand
     527 | 85594   | Tony Blundetto                    | https://www.tvmaze.com/characters/85594/the-sopranos-tony-blundetto                  | 18146     | Steve Buscemi          | https://www.tvmaze.com/people/18146/steve-buscemi
     527 | 85588   | Richie Aprile                     | https://www.tvmaze.com/characters/85588/the-sopranos-richie-aprile                   | 48977     | David Proval           | https://www.tvmaze.com/people/48977/david-proval
     527 | 85595   | Johnny "Sack" Sacrimoni           | https://www.tvmaze.com/characters/85595/the-sopranos-johnny-sack-sacrimoni           | 18102     | Vincent Curatola       | https://www.tvmaze.com/people/18102/vincent-curatola
     527 | 85587   | Furio Giunta                      | https://www.tvmaze.com/characters/85587/the-sopranos-furio-giunta                    | 48976     | Federico Castelluccio  | https://www.tvmaze.com/people/48976/federico-castelluccio
     527 | 85591   | Ralph Cifaretto                   | https://www.tvmaze.com/characters/85591/the-sopranos-ralph-cifaretto                 | 48978     | Joe Pantoliano         | https://www.tvmaze.com/people/48978/joe-pantoliano
     527 | 85592   | Vito Spatafore                    | https://www.tvmaze.com/characters/85592/the-sopranos-vito-spatafore                  | 39770     | Joseph R. Gannascoli   | https://www.tvmaze.com/people/39770/joseph-r-gannascoli
    5796 | 198327  | Amazon                            | https://www.tvmaze.com/characters/198327/gladiators-amazon                           | 99127     | Sharron Davies         | https://www.tvmaze.com/people/99127/sharron-davies
    5796 | 198328  | Blaze                             | https://www.tvmaze.com/characters/198328/gladiators-blaze                            | 99128     | Eunice Huthart         | https://www.tvmaze.com/people/99128/eunice-huthart
    5796 | 198329  | Falcon                            | https://www.tvmaze.com/characters/198329/gladiators-falcon                           | 99129     | Bernadette Hunt        | https://www.tvmaze.com/people/99129/bernadette-hunt
    5796 | 198330  | Flame                             | https://www.tvmaze.com/characters/198330/gladiators-flame                            | 99130     | Kimbra Standish        | https://www.tvmaze.com/people/99130/kimbra-standish
    5796 | 198332  | Fox                               | https://www.tvmaze.com/characters/198332/gladiators-fox                              | 99131     | Tammy Baker            | https://www.tvmaze.com/people/99131/tammy-baker
    5796 | 198333  | Gold                              | https://www.tvmaze.com/characters/198333/gladiators-gold                             | 99132     | Lize Van Der Walt      | https://www.tvmaze.com/people/99132/lize-van-der-walt
    5796 | 198334  | Jet                               | https://www.tvmaze.com/characters/198334/gladiators-jet                              | 99133     | Diane Youdale          | https://www.tvmaze.com/people/99133/diane-youdale
    5796 | 198336  | Laser                             | https://www.tvmaze.com/characters/198336/gladiators-laser                            | 99134     | Tina Andrew            | https://www.tvmaze.com/people/99134/tina-andrew
    5796 | 198337  | Lightning                         | https://www.tvmaze.com/characters/198337/gladiators-lightning                        | 99135     | Kim Betts              | https://www.tvmaze.com/people/99135/kim-betts
    5796 | 198339  | Nightshade                        | https://www.tvmaze.com/characters/198339/gladiators-nightshade                       | 99136     | Judy Simpson           | https://www.tvmaze.com/people/99136/judy-simpson
    5796 | 198340  | Panther                           | https://www.tvmaze.com/characters/198340/gladiators-panther                          | 99137     | Helen O'Reilly         | https://www.tvmaze.com/people/99137/helen-oreilly
    5796 | 198341  | Phoenix                           | https://www.tvmaze.com/characters/198341/gladiators-phoenix                          | 99138     | Sandy Young            | https://www.tvmaze.com/people/99138/sandy-young
    5796 | 198342  | Rebel                             | https://www.tvmaze.com/characters/198342/gladiators-rebel                            | 99139     | Jennifer Stoute        | https://www.tvmaze.com/people/99139/jennifer-stoute
    5796 | 198344  | Rio                               | https://www.tvmaze.com/characters/198344/gladiators-rio                              | 99140     | Jane Omorogbe          | https://www.tvmaze.com/people/99140/jane-omorogbe
    5796 | 198345  | Rocket                            | https://www.tvmaze.com/characters/198345/gladiators-rocket                           | 99141     | Pauline Richards       | https://www.tvmaze.com/people/99141/pauline-richards
    5796 | 198347  | Scorpio                           | https://www.tvmaze.com/characters/198347/gladiators-scorpio                          | 99142     | Nikki Diamond          | https://www.tvmaze.com/people/99142/nikki-diamond
    5796 | 198348  | Siren                             | https://www.tvmaze.com/characters/198348/gladiators-siren                            | 99143     | Alison Paton           | https://www.tvmaze.com/people/99143/alison-paton
    5796 | 198349  | Vogue                             | https://www.tvmaze.com/characters/198349/gladiators-vogue                            | 99144     | Suzanne Cox            | https://www.tvmaze.com/people/99144/suzanne-cox
    5796 | 198350  | Zodiac                            | https://www.tvmaze.com/characters/198350/gladiators-zodiac                           | 99145     | Kate Staples           | https://www.tvmaze.com/people/99145/kate-staples
    5796 | 198352  | Ace                               | https://www.tvmaze.com/characters/198352/gladiators-ace                              | 99146     | Warren Furman          | https://www.tvmaze.com/people/99146/warren-furman
    5796 | 198364  | Cobra                             | https://www.tvmaze.com/characters/198364/gladiators-cobra                            | 99149     | Michael Willson        | https://www.tvmaze.com/people/99149/michael-willson
    5796 | 198365  | Diesel                            | https://www.tvmaze.com/characters/198365/gladiators-diesel                           | 99150     | Darren Crawford        | https://www.tvmaze.com/people/99150/darren-crawford
    5796 | 198368  | Hawk                              | https://www.tvmaze.com/characters/198368/gladiators-hawk                             | 99151     | Aleks Georgijev        | https://www.tvmaze.com/people/99151/aleks-georgijev
    5796 | 198372  | Hunter                            | https://www.tvmaze.com/characters/198372/gladiators-hunter                           | 96377     | James Crossley         | https://www.tvmaze.com/people/96377/james-crossley
    5796 | 198374  | Khan                              | https://www.tvmaze.com/characters/198374/gladiators-khan                             | 99154     | Radosev Nekic          | https://www.tvmaze.com/people/99154/radosev-nekic
    5796 | 198375  | Raider                            | https://www.tvmaze.com/characters/198375/gladiators-raider                           | 99155     | Carlton Headley        | https://www.tvmaze.com/people/99155/carlton-headley
    5796 | 198378  | Rhino                             | https://www.tvmaze.com/characters/198378/gladiators-rhino                            | 99157     | Mark Smith             | https://www.tvmaze.com/people/99157/mark-smith
    5796 | 198379  | Saracen                           | https://www.tvmaze.com/characters/198379/gladiators-saracen                          | 99158     | Mike Lewis             | https://www.tvmaze.com/people/99158/mike-lewis
    5796 | 198380  | Shadow                            | https://www.tvmaze.com/characters/198380/gladiators-shadow                           | 65897     | Jefferson King         | https://www.tvmaze.com/people/65897/jefferson-king
    5796 | 198382  | Trojan                            | https://www.tvmaze.com/characters/198382/gladiators-trojan                           | 8649      | Mark Griffin           | https://www.tvmaze.com/people/8649/mark-griffin
    5796 | 198383  | Vulcan                            | https://www.tvmaze.com/characters/198383/gladiators-vulcan                           | 99159     | John Seru              | https://www.tvmaze.com/people/99159/john-seru
    5796 | 198384  | Warrior                           | https://www.tvmaze.com/characters/198384/gladiators-warrior                          | 99160     | Michael Ahearne        | https://www.tvmaze.com/people/99160/michael-ahearne
    5796 | 198386  | Wolf                              | https://www.tvmaze.com/characters/198386/gladiators-wolf                             | 99161     | Michael Van Wijk       | https://www.tvmaze.com/people/99161/michael-van-wijk
    5796 | 198387  | Host                              | https://www.tvmaze.com/characters/198387/gladiators-host                             | 85635     | Ulrika Jonsson         | https://www.tvmaze.com/people/85635/ulrika-jonsson
    5796 | 198388  | Host                              | https://www.tvmaze.com/characters/198388/gladiators-host                             | 99162     | John Fashanu           | https://www.tvmaze.com/people/99162/john-fashanu
    5796 | 198389  | Referee                           | https://www.tvmaze.com/characters/198389/gladiators-referee                          | 99163     | John Anderson          | https://www.tvmaze.com/people/99163/john-anderson
      82 | 15604   | Tyrion Lannister                  | https://www.tvmaze.com/characters/15604/game-of-thrones-tyrion-lannister             | 14072     | Peter Dinklage         | https://www.tvmaze.com/people/14072/peter-dinklage
      82 | 15607   | Jon Snow                          | https://www.tvmaze.com/characters/15607/game-of-thrones-jon-snow                     | 14075     | Kit Harington          | https://www.tvmaze.com/people/14075/kit-harington
      82 | 15608   | Queen Cersei Lannister            | https://www.tvmaze.com/characters/15608/game-of-thrones-queen-cersei-lannister       | 14076     | Lena Headey            | https://www.tvmaze.com/people/14076/lena-headey
      82 | 15611   | Daenerys Targaryen                | https://www.tvmaze.com/characters/15611/game-of-thrones-daenerys-targaryen           | 14079     | Emilia Clarke          | https://www.tvmaze.com/people/14079/emilia-clarke
      82 | 15612   | Sansa Stark                       | https://www.tvmaze.com/characters/15612/game-of-thrones-sansa-stark                  | 14080     | Sophie Turner          | https://www.tvmaze.com/people/14080/sophie-turner
      82 | 15613   | Arya Stark                        | https://www.tvmaze.com/characters/15613/game-of-thrones-arya-stark                   | 14081     | Maisie Williams        | https://www.tvmaze.com/people/14081/maisie-williams
      82 | 15602   | Ser Jaime Lannister               | https://www.tvmaze.com/characters/15602/game-of-thrones-ser-jaime-lannister          | 14070     | Nikolaj Coster-Waldau  | https://www.tvmaze.com/people/14070/nikolaj-coster-waldau
      82 | 15606   | Ser Jorah Mormont                 | https://www.tvmaze.com/characters/15606/game-of-thrones-ser-jorah-mormont            | 14074     | Iain Glen              | https://www.tvmaze.com/people/14074/iain-glen
      82 | 15600   | Theon Greyjoy                     | https://www.tvmaze.com/characters/15600/game-of-thrones-theon-greyjoy                | 14069     | Alfie Allen            | https://www.tvmaze.com/people/14069/alfie-allen
      82 | 15623   | Samwell Tarly                     | https://www.tvmaze.com/characters/15623/game-of-thrones-samwell-tarly                | 14090     | John Bradley           | https://www.tvmaze.com/people/14090/john-bradley
      82 | 15617   | Lord Varys                        | https://www.tvmaze.com/characters/15617/game-of-thrones-lord-varys                   | 14085     | Conleth Hill           | https://www.tvmaze.com/people/14085/conleth-hill
      82 | 15615   | Petyr "Littlefinger" Baelish      | https://www.tvmaze.com/characters/15615/game-of-thrones-petyr-littlefinger-baelish   | 14083     | Aidan Gillen           | https://www.tvmaze.com/people/14083/aidan-gillen
      82 | 15618   | Brienne of Tarth                  | https://www.tvmaze.com/characters/15618/game-of-thrones-brienne-of-tarth             | 14086     | Gwendoline Christie    | https://www.tvmaze.com/people/14086/gwendoline-christie
      82 | 15625   | Davos Seaworth                    | https://www.tvmaze.com/characters/15625/game-of-thrones-davos-seaworth               | 14092     | Liam Cunningham        | https://www.tvmaze.com/people/14092/liam-cunningham
      82 | 15614   | Bran Stark                        | https://www.tvmaze.com/characters/15614/game-of-thrones-bran-stark                   | 14082     | Isaac Hempstead-Wright | https://www.tvmaze.com/people/14082/isaac-hempstead-wright
      82 | 15974   | Missandei                         | https://www.tvmaze.com/characters/15974/game-of-thrones-missandei                    | 14394     | Nathalie Emmanuel      | https://www.tvmaze.com/people/14394/nathalie-emmanuel
      82 | 15603   | Sandor Clegane                    | https://www.tvmaze.com/characters/15603/game-of-thrones-sandor-clegane               | 14071     | Rory McCann            | https://www.tvmaze.com/people/14071/rory-mccann
      82 | 15621   | Bronn                             | https://www.tvmaze.com/characters/15621/game-of-thrones-bronn                        | 14088     | Jerome Flynn           | https://www.tvmaze.com/people/14088/jerome-flynn
      82 | 15997   | Grey Worm                         | https://www.tvmaze.com/characters/15997/game-of-thrones-grey-worm                    | 14417     | Jacob Anderson         | https://www.tvmaze.com/people/14417/jacob-anderson
      82 | 15624   | Tormund Giantsbane                | https://www.tvmaze.com/characters/15624/game-of-thrones-tormund-giantsbane           | 14091     | Kristofer Hivju        | https://www.tvmaze.com/people/14091/kristofer-hivju
      82 | 15616   | Melisandre                        | https://www.tvmaze.com/characters/15616/game-of-thrones-melisandre                   | 14084     | Carice van Houten      | https://www.tvmaze.com/people/14084/carice-van-houten
      82 | 15596   | Lord Tywin Lannister              | https://www.tvmaze.com/characters/15596/game-of-thrones-lord-tywin-lannister         | 14065     | Charles Dance          | https://www.tvmaze.com/people/14065/charles-dance
      82 | 15597   | Queen Margaery Tyrell             | https://www.tvmaze.com/characters/15597/game-of-thrones-queen-margaery-tyrell        | 14066     | Natalie Dormer         | https://www.tvmaze.com/people/14066/natalie-dormer
      82 | 15605   | Prince Joffrey Baratheon          | https://www.tvmaze.com/characters/15605/game-of-thrones-prince-joffrey-baratheon     | 14073     | Jack Gleeson           | https://www.tvmaze.com/people/14073/jack-gleeson
      82 | 15720   | Gilly                             | https://www.tvmaze.com/characters/15720/game-of-thrones-gilly                        | 14199     | Hannah Murray          | https://www.tvmaze.com/people/14199/hannah-murray
      82 | 15610   | Lady Catelyn Stark                | https://www.tvmaze.com/characters/15610/game-of-thrones-lady-catelyn-stark           | 14078     | Michelle Fairley       | https://www.tvmaze.com/people/14078/michelle-fairley
      82 | 15632   | Tommen Baratheon                  | https://www.tvmaze.com/characters/15632/game-of-thrones-tommen-baratheon             | 14404     | Dean Charles Chapman   | https://www.tvmaze.com/people/14404/dean-charles-chapman
      82 | 15622   | Gendry                            | https://www.tvmaze.com/characters/15622/game-of-thrones-gendry                       | 14089     | Joe Dempsie            | https://www.tvmaze.com/people/14089/joe-dempsie
      82 | 15629   | Stannis Baratheon                 | https://www.tvmaze.com/characters/15629/game-of-thrones-stannis-baratheon            | 14096     | Stephen Dillane        | https://www.tvmaze.com/people/14096/stephen-dillane
      82 | 15609   | Robb Stark                        | https://www.tvmaze.com/characters/15609/game-of-thrones-robb-stark                   | 14077     | Richard Madden         | https://www.tvmaze.com/people/14077/richard-madden
      82 | 15739   | Lord Roose Bolton                 | https://www.tvmaze.com/characters/15739/game-of-thrones-lord-roose-bolton            | 14218     | Michael McElhatton     | https://www.tvmaze.com/people/14218/michael-mcelhatton
      82 | 16007   | Daario Naharis                    | https://www.tvmaze.com/characters/16007/game-of-thrones-daario-naharis               | 7267      | Michiel Huisman        | https://www.tvmaze.com/people/7267/michiel-huisman
      82 | 15628   | Shae                              | https://www.tvmaze.com/characters/15628/game-of-thrones-shae                         | 14095     | Sibel Kekilli          | https://www.tvmaze.com/people/14095/sibel-kekilli
      82 | 15619   | Ramsay Snow                       | https://www.tvmaze.com/characters/15619/game-of-thrones-ramsay-snow                  | 14087     | Iwan Rheon             | https://www.tvmaze.com/people/14087/iwan-rheon
      82 | 15730   | Jaqen H'ghar                      | https://www.tvmaze.com/characters/15730/game-of-thrones-jaqen-hghar                  | 14208     | Tom Wlaschiha          | https://www.tvmaze.com/people/14208/tom-wlaschiha
      82 | 15627   | Ygritte                           | https://www.tvmaze.com/characters/15627/game-of-thrones-ygritte                      | 14094     | Rose Leslie            | https://www.tvmaze.com/people/14094/rose-leslie
      82 | 16022   | Ellaria Sand                      | https://www.tvmaze.com/characters/16022/game-of-thrones-ellaria-sand                 | 14440     | Indira Varma           | https://www.tvmaze.com/people/14440/indira-varma
      82 | 105050  | High Sparrow                      | https://www.tvmaze.com/characters/105050/game-of-thrones-high-sparrow                | 52759     | Jonathan Pryce         | https://www.tvmaze.com/people/52759/jonathan-pryce
      82 | 15601   | Lord Eddard Stark                 | https://www.tvmaze.com/characters/15601/game-of-thrones-lord-eddard-stark            | 7432      | Sean Bean              | https://www.tvmaze.com/people/7432/sean-bean
      82 | 15620   | Lord Commander Jeor Mormont       | https://www.tvmaze.com/characters/15620/game-of-thrones-lord-commander-jeor-mormont  | 11349     | James Cosmo            | https://www.tvmaze.com/people/11349/james-cosmo
      82 | 15599   | King Robert Baratheon             | https://www.tvmaze.com/characters/15599/game-of-thrones-king-robert-baratheon        | 14068     | Mark Addy              | https://www.tvmaze.com/people/14068/mark-addy
      82 | 15598   | Viserys Targaryen                 | https://www.tvmaze.com/characters/15598/game-of-thrones-viserys-targaryen            | 14067     | Harry Lloyd            | https://www.tvmaze.com/people/14067/harry-lloyd
      83 | 16544   | Homer Simpson                     | https://www.tvmaze.com/characters/16544/the-simpsons-homer-simpson                   | 14854     | Dan Castellaneta       | https://www.tvmaze.com/people/14854/dan-castellaneta
      83 | 16545   | Marge Simpson                     | https://www.tvmaze.com/characters/16545/the-simpsons-marge-simpson                   | 14855     | Julie Kavner           | https://www.tvmaze.com/people/14855/julie-kavner
      83 | 16547   | Lisa Simpson                      | https://www.tvmaze.com/characters/16547/the-simpsons-lisa-simpson                    | 14857     | Yeardley Smith         | https://www.tvmaze.com/people/14857/yeardley-smith
      83 | 16546   | Bart Simpson                      | https://www.tvmaze.com/characters/16546/the-simpsons-bart-simpson                    | 14856     | Nancy Cartwright       | https://www.tvmaze.com/people/14856/nancy-cartwright
      83 | 16549   | Charles Montgomery Burns          | https://www.tvmaze.com/characters/16549/the-simpsons-charles-montgomery-burns        | 14859     | Harry Shearer          | https://www.tvmaze.com/people/14859/harry-shearer
      83 | 16569   | Moe Szyslak                       | https://www.tvmaze.com/characters/16569/the-simpsons-moe-szyslak                     | 14858     | Hank Azaria            | https://www.tvmaze.com/people/14858/hank-azaria
      83 | 16548   | Apu Nahasapeemapetilon            | https://www.tvmaze.com/characters/16548/the-simpsons-apu-nahasapeemapetilon          | 14858     | Hank Azaria            | https://www.tvmaze.com/people/14858/hank-azaria
      83 | 53561   | Milhouse Van Houten               | https://www.tvmaze.com/characters/53561/the-simpsons-milhouse-van-houten             | 34651     | Pamela Hayden          | https://www.tvmaze.com/people/34651/pamela-hayden
      83 | 16586   | Lenny Leonard                     | https://www.tvmaze.com/characters/16586/the-simpsons-lenny-leonard                   | 14859     | Harry Shearer          | https://www.tvmaze.com/people/14859/harry-shearer
      83 | 16570   | Chief Clancy Wiggum               | https://www.tvmaze.com/characters/16570/the-simpsons-chief-clancy-wiggum             | 14858     | Hank Azaria            | https://www.tvmaze.com/people/14858/hank-azaria
      83 | 16582   | Seymour Skinner                   | https://www.tvmaze.com/characters/16582/the-simpsons-seymour-skinner                 | 14859     | Harry Shearer          | https://www.tvmaze.com/people/14859/harry-shearer
      83 | 16571   | Carl Carlson                      | https://www.tvmaze.com/characters/16571/the-simpsons-carl-carlson                    | 14858     | Hank Azaria            | https://www.tvmaze.com/people/14858/hank-azaria
      83 | 16553   | Abraham Simpson                   | https://www.tvmaze.com/characters/16553/the-simpsons-abraham-simpson                 | 14854     | Dan Castellaneta       | https://www.tvmaze.com/people/14854/dan-castellaneta
      83 | 16581   | Ned Flanders                      | https://www.tvmaze.com/characters/16581/the-simpsons-ned-flanders                    | 14859     | Harry Shearer          | https://www.tvmaze.com/people/14859/harry-shearer
      83 | 16565   | Nelson Muntz                      | https://www.tvmaze.com/characters/16565/the-simpsons-nelson-muntz                    | 14856     | Nancy Cartwright       | https://www.tvmaze.com/people/14856/nancy-cartwright
      83 | 237204  | Maggie Simpson                    | https://www.tvmaze.com/characters/237204/the-simpsons-maggie-simpson                 | 14856     | Nancy Cartwright       | https://www.tvmaze.com/people/14856/nancy-cartwright
      83 | 16554   | Krusty the Klown                  | https://www.tvmaze.com/characters/16554/the-simpsons-krusty-the-klown                | 14854     | Dan Castellaneta       | https://www.tvmaze.com/people/14854/dan-castellaneta
      83 | 16584   | Kent Brockman                     | https://www.tvmaze.com/characters/16584/the-simpsons-kent-brockman                   | 14859     | Harry Shearer          | https://www.tvmaze.com/people/14859/harry-shearer
      83 | 16555   | Barney Gumble                     | https://www.tvmaze.com/characters/16555/the-simpsons-barney-gumble                   | 14854     | Dan Castellaneta       | https://www.tvmaze.com/people/14854/dan-castellaneta
      83 | 16566   | Ralph Wiggum                      | https://www.tvmaze.com/characters/16566/the-simpsons-ralph-wiggum                    | 14856     | Nancy Cartwright       | https://www.tvmaze.com/people/14856/nancy-cartwright
      83 | 16579   | Waylon Smithers                   | https://www.tvmaze.com/characters/16579/the-simpsons-waylon-smithers                 | 14859     | Harry Shearer          | https://www.tvmaze.com/people/14859/harry-shearer
      83 | 16585   | Dr. Julius Hibbert                | https://www.tvmaze.com/characters/16585/the-simpsons-dr-julius-hibbert               | 14859     | Harry Shearer          | https://www.tvmaze.com/people/14859/harry-shearer
      83 | 16556   | Groundskeeper Willie              | https://www.tvmaze.com/characters/16556/the-simpsons-groundskeeper-willie            | 14854     | Dan Castellaneta       | https://www.tvmaze.com/people/14854/dan-castellaneta
      83 | 16557   | Sideshow Mel                      | https://www.tvmaze.com/characters/16557/the-simpsons-sideshow-mel                    | 14854     | Dan Castellaneta       | https://www.tvmaze.com/people/14854/dan-castellaneta
      83 | 250290  | Officer Lou                       | https://www.tvmaze.com/characters/250290/the-simpsons-officer-lou                    | 14858     | Hank Azaria            | https://www.tvmaze.com/people/14858/hank-azaria
      83 | 16587   | Reverend Timothy Lovejoy          | https://www.tvmaze.com/characters/16587/the-simpsons-reverend-timothy-lovejoy        | 14859     | Harry Shearer          | https://www.tvmaze.com/people/14859/harry-shearer
      83 | 16558   | Mayor Quimby                      | https://www.tvmaze.com/characters/16558/the-simpsons-mayor-quimby                    | 14854     | Dan Castellaneta       | https://www.tvmaze.com/people/14854/dan-castellaneta
      83 | 16583   | Otto Mann                         | https://www.tvmaze.com/characters/16583/the-simpsons-otto-mann                       | 14859     | Harry Shearer          | https://www.tvmaze.com/people/14859/harry-shearer
      83 | 16572   | Comic Book Guy                    | https://www.tvmaze.com/characters/16572/the-simpsons-comic-book-guy                  | 14858     | Hank Azaria            | https://www.tvmaze.com/people/14858/hank-azaria
      83 | 16563   | Selma Bouvier                     | https://www.tvmaze.com/characters/16563/the-simpsons-selma-bouvier                   | 14855     | Julie Kavner           | https://www.tvmaze.com/people/14855/julie-kavner
      83 | 236280  | Superintendant Chalmers           | https://www.tvmaze.com/characters/236280/the-simpsons-superintendant-chalmers        | 14858     | Hank Azaria            | https://www.tvmaze.com/people/14858/hank-azaria
      83 | 247499  | Cletus Spuckler                   | https://www.tvmaze.com/characters/247499/the-simpsons-cletus-spuckler                | 14858     | Hank Azaria            | https://www.tvmaze.com/people/14858/hank-azaria
      83 | 16562   | Patty Bouvier                     | https://www.tvmaze.com/characters/16562/the-simpsons-patty-bouvier                   | 14855     | Julie Kavner           | https://www.tvmaze.com/people/14855/julie-kavner
      83 | 93584   | Rod Flanders                      | https://www.tvmaze.com/characters/93584/the-simpsons-rod-flanders                    | 34651     | Pamela Hayden          | https://www.tvmaze.com/people/34651/pamela-hayden
      83 | 234472  | Snake                             | https://www.tvmaze.com/characters/234472/the-simpsons-snake                          | 14858     | Hank Azaria            | https://www.tvmaze.com/people/14858/hank-azaria
      83 | 241224  | Sea Captain McCallister           | https://www.tvmaze.com/characters/241224/the-simpsons-sea-captain-mccallister        | 14858     | Hank Azaria            | https://www.tvmaze.com/people/14858/hank-azaria
      83 | 16577   | Kirk Van Houten                   | https://www.tvmaze.com/characters/16577/the-simpsons-kirk-van-houten                 | 14858     | Hank Azaria            | https://www.tvmaze.com/people/14858/hank-azaria
      83 | 93510   | Jimbo Jones                       | https://www.tvmaze.com/characters/93510/the-simpsons-jimbo-jones                     | 44735     | Tress MacNeille        | https://www.tvmaze.com/people/44735/tress-macneille
      83 | 16559   | Hans Moleman                      | https://www.tvmaze.com/characters/16559/the-simpsons-hans-moleman                    | 14854     | Dan Castellaneta       | https://www.tvmaze.com/people/14854/dan-castellaneta
      83 | 16567   | Todd Flanders                     | https://www.tvmaze.com/characters/16567/the-simpsons-todd-flanders                   | 14856     | Nancy Cartwright       | https://www.tvmaze.com/people/14856/nancy-cartwright
      83 | 16560   | Gil Gunderson                     | https://www.tvmaze.com/characters/16560/the-simpsons-gil-gunderson                   | 14854     | Dan Castellaneta       | https://www.tvmaze.com/people/14854/dan-castellaneta
      83 | 16561   | Itchy                             | https://www.tvmaze.com/characters/16561/the-simpsons-itchy                           | 14854     | Dan Castellaneta       | https://www.tvmaze.com/people/14854/dan-castellaneta
      83 | 234473  | Scratchy                          | https://www.tvmaze.com/characters/234473/the-simpsons-scratchy                       | 14859     | Harry Shearer          | https://www.tvmaze.com/people/14859/harry-shearer
      83 | 16573   | Dr. Nick Riviera                  | https://www.tvmaze.com/characters/16573/the-simpsons-dr-nick-riviera                 | 14858     | Hank Azaria            | https://www.tvmaze.com/people/14858/hank-azaria
      83 | 724282  | Brandine Spuckler                 | https://www.tvmaze.com/characters/724282/the-simpsons-brandine-spuckler              | 44735     | Tress MacNeille        | https://www.tvmaze.com/people/44735/tress-macneille
      83 | 710942  | Drederick Tatum                   | https://www.tvmaze.com/characters/710942/the-simpsons-drederick-tatum                | 14858     | Hank Azaria            | https://www.tvmaze.com/people/14858/hank-azaria
      83 | 250191  | Judge Roy Snyder                  | https://www.tvmaze.com/characters/250191/the-simpsons-judge-roy-snyder               | 14859     | Harry Shearer          | https://www.tvmaze.com/people/14859/harry-shearer
      83 | 239165  | Duffman                           | https://www.tvmaze.com/characters/239165/the-simpsons-duffman                        | 14858     | Hank Azaria            | https://www.tvmaze.com/people/14858/hank-azaria
      83 | 250344  | Mr. Teeny                         | https://www.tvmaze.com/characters/250344/the-simpsons-mr-teeny                       | 14854     | Dan Castellaneta       | https://www.tvmaze.com/people/14854/dan-castellaneta
      83 | 242965  | Kodos                             | https://www.tvmaze.com/characters/242965/the-simpsons-kodos                          | 14854     | Dan Castellaneta       | https://www.tvmaze.com/people/14854/dan-castellaneta
      83 | 242987  | Kang                              | https://www.tvmaze.com/characters/242987/the-simpsons-kang                           | 14859     | Harry Shearer          | https://www.tvmaze.com/people/14859/harry-shearer
      83 | 16564   | Jacqueline Ingrid Bouvier         | https://www.tvmaze.com/characters/16564/the-simpsons-jacqueline-ingrid-bouvier       | 14855     | Julie Kavner           | https://www.tvmaze.com/people/14855/julie-kavner
      83 | 16580   | Dr. Marvin Monroe                 | https://www.tvmaze.com/characters/16580/the-simpsons-dr-marvin-monroe                | 14859     | Harry Shearer          | https://www.tvmaze.com/people/14859/harry-shearer
(197 rows)

      game_id      | show_id | q1_char_id | q2_char_id | q3_char_id | q4_char_id | q5_char_id | q6_char_id | q7_char_id | q8_char_id | q9_char_id | q10_char_id 
-------------------+---------+------------+------------+------------+------------+------------+------------+------------+------------+------------+-------------
 the_simpsons-1    |      83 |      16566 |      16585 |      16555 |      16584 |      16554 |     237204 |      16581 |      16549 |      16547 |       16556
 game-of-thrones-1 |      82 |      15621 |      15617 |      15600 |      15602 |      15611 |      15608 |      15607 |      15604 |      15597 |       15610
(2 rows)

 result_id |      game_id      |  username   | a1_score | a2_score | a3_score | a4_score | a5_score | a6_score | a7_score | a8_score | a9_score | a10_score 
-----------+-------------------+-------------+----------+----------+----------+----------+----------+----------+----------+----------+----------+-----------
         1 | the-simpsons-1    | Flo         |      165 |      165 |     4000 |      584 |      554 |      234 |      581 |      169 |      547 |      2556
         2 | game-of-thrones-1 | Flo         |        0 |      617 |      150 |      102 |        0 |      308 |      707 |      804 |     2597 |       150
         3 | the-simpsons-1    | Christopher |       89 |        0 |        0 |        0 |     1655 |      237 |        0 |      388 |     1657 |       786
(3 rows)

